New latest manahil malik lake video || manahil malik eid viral video
Leaked 18++ musicbd25 xyz minahil malik manahil malik eid viral video link manahil malik new lake
WATCH Minahil Malik New viral Leaked Original Video
Minahil Malik New viral Leaked Original Video
MMS] VIRAL VIDEOs] Camilla Araujo Video X Full Porn Video Sexy New
Minahil Malik's new alleged videos Leaked Online
Minahil Malik video viral link bikini[~VIDEO~18]
Full+++ Video Minahil malik sk777 viral video xxxx sla
Today viral 18+ manahil malik lake videos manahi with vi deo
zcj Hania Amir private Video Leak With boyfriend
uoa Link {18+} quem quiser ver tá aí 
ftg Full@@ { New 18+ } minahil malik today viral video minahil malik leak video new link
ryy ((FULL VIDEO) Sal Munoz Viral Video Leaked
dmz Original Full new video Michelle Vieth video viral twitter video completo telegram link
mtg CLIP@@@ Video 18+ elena maraga il gazzettino itsbabyelee elena maraga Reddit gazzettino
csr Original Full water video Yololary white shirt water reddit update
mam Full {18+} manahil malik lake video minahil malik new viral video
wll Sapna Shah Original Video Viral On Social Media X
wde [XXX~LeakEd>VIDEO]@Nisha Guragain Viral Leaked Video MMS videos 2025
sxp [NEW>>VIRAL]]**Redeem Craze Leaked Video Original Full Hot Sex Videos
pud Original Full Lucia Correa Leaked Video Lucia Correa Photos Telegram Leaks 2
sxg Original Aroob Jatoi baraat viral video full aroob jatoi ki viral video
juo One Girl 15 Hands Video Video Leked Video Video Video
ilm Stream Serwaa Amihere Latest Trending Viral Video
azc Lyna Perez Leaked Video Gives Rise To Online Scandal (VIRAL)
pkc Full@@ {18+} xx manahil malik lake video minahil malik new viral video
mrl Full Video ralph de leon pbb ralph de leon scandal ralph pbb collab ralph de leon jakol pinay tw
